id,first_name,last_name,email,department,title,salary,hire_date,phone,address
1,Danielle,Johnson,john21@yang.com,Marketing,Marketing Manager,142196,2021-01-31,538.990.8386,"65423 Garcia Light, West Melanieview, AS 06196"
2,Jessica,Herrera,smiller@montgomery.com,Finance,Financial Analyst,74256,2021-03-01,441.731.6475,"192 Frank Light Suite 835, East Lydiamouth, MO 35594"
3,Carl,Gentry,jason76@ellis.net,Sales,Sales Rep,133696,2023-08-19,001-496-496-5328x7101,"166 Rice Plaza Apt. 184, Danielchester, GA 59971"
4,Aaron,Bowen,teresa28@harrell.net,Marketing,Social Media Lead,100302,2023-12-25,(252)388-0957,"USNV Allen, FPO AE 74865"
5,Stacey,Miller,wcabrera@cannon.net,Engineering,Software Engineer,57280,2021-10-05,596.338.3465x78713,"301 Jeremy Bypass, Chadbury, KY 88185"
6,Todd,Ryan,esanchez@lee-davis.biz,HR,Recruiter,111237,2022-09-16,(870)410-6513x33872,"78108 Tanya Terrace, East Richard, NJ 28517"
7,Michelle,Barrera,nicholasgalloway@house-glover.com,Engineering,QA Engineer,71062,2023-01-19,001-287-923-4309x8050,"81219 Emma Freeway, Wilsonshire, IA 76381"
8,Brooke,Harvey,ksandoval@stewart.com,Legal,Paralegal,103878,2022-02-17,(524)675-1079x9118,"35427 Carr Valley Apt. 841, West Darrell, CT 97811"
9,Angela,Nelson,jenniferharris@farrell.com,Finance,Accountant,144458,2021-05-25,(340)405-2427x86801,"826 Bobby Lakes Apt. 533, West Kimberlychester, RI 98736"
10,Eric,Spears,theresacochran@johnson-doyle.com,Sales,Business Development,89597,2024-11-06,(534)221-6073x37543,"4145 Frazier Ville Suite 014, New Sydney, KS 05515"
11,Daniel,Hamilton,samuel81@lam-lee.com,Finance,Financial Analyst,73221,2024-06-24,7883356159,"465 Terry Plaza Apt. 366, New Ashley, MO 72320"
12,Martha,Torres,russellcarpenter@morris.net,Support,Support Engineer,57156,2023-04-21,001-221-248-9513x4332,"176 Jennifer Lights Suite 632, Port Michelleville, WI 56225"
13,Jeffery,Brock,pwilliams@bryant.net,Legal,Legal Counsel,92052,2025-11-16,+1-557-698-6872x774,"347 Jennifer Freeway Suite 558, East Edwardfurt, UT 20529"
14,Jasmine,Brown,drivera@brown-wall.biz,Support,Technical Writer,79671,2025-06-18,001-809-567-0546,"7065 Ramsey Ville Suite 298, South Brittanytown, CO 84747"
15,Roy,Camacho,brentgray@gibson.biz,Engineering,DevOps Engineer,115284,2022-04-30,(241)470-8053x10033,"193 Lyons Trafficway Suite 299, Port Loriport, CT 76350"
16,Anthony,Collins,tsanders@jones.com,Marketing,Brand Manager,55328,2021-06-12,001-849-919-0586x51850,"726 Jessica Run Suite 987, Grahamshire, KY 42746"
17,Melissa,Rivas,ramirezshannon@hudson-barnett.com,Finance,Auditor,92400,2021-01-29,327-535-4549x48083,"377 Mcguire Course Suite 363, Elizabethstad, NJ 73045"
18,Alyssa,Coleman,michael74@king-martinez.com,HR,HR Specialist,51006,2022-07-07,001-682-533-7498x9413,"82400 Terry Crossroad Suite 109, Taylormouth, MA 24665"
19,Tammy,King,ewilson@vasquez-ray.com,HR,HR Manager,55458,2021-09-11,001-541-831-8699,"9649 Chelsea Streets Apt. 334, East Johnside, CA 21018"
20,Aaron,Hayes,ocarter@mann-warner.info,HR,HR Specialist,94823,2021-04-17,649.436.1832,"9947 Taylor Hollow, Benderhaven, ND 65223"
21,Samuel,George,mnavarro@johnson-perez.org,Finance,Payroll Specialist,128320,2023-11-15,4498027874,"75655 Mia Isle Suite 746, South Christopherview, MD 15695"
22,Tara,Powell,sandovalamy@brown-stone.org,Support,Customer Success,93520,2024-09-20,+1-570-434-8247x7109,"613 Steven Crest, South Sarah, LA 67199"
23,Janice,Perry,pbaird@arnold-reyes.org,Support,Customer Success,132841,2023-06-24,(614)965-8404,"755 Gibson Islands Apt. 396, Port Kimberly, AZ 42205"
24,Julie,Thornton,qhughes@pollard.net,Finance,Accountant,124840,2025-10-06,817-318-7026x21745,"7809 Jimmy Spur Suite 316, Port Cynthiaville, NV 22306"
25,Heather,Berger,nguyenbrian@brooks-thomas.net,Sales,Sales Engineer,140568,2022-12-30,+1-622-921-9693x79237,"4821 Landry Radial, Daniellechester, UT 33281"
26,Stephen,Turner,gcastaneda@james.org,HR,Recruiter,105589,2022-06-01,001-740-564-0909x743,"210 Kramer Bypass Suite 214, Julieburgh, ID 17823"
27,Kristin,Walter,alyssa42@sloan-raymond.com,Legal,Compliance Officer,128886,2024-09-01,317-912-3685x16048,"651 Thomas River Suite 931, Blankenshipport, SD 54017"
28,Darryl,Williams,torrestravis@young.com,HR,HR Manager,145704,2022-11-18,(786)592-6179x640,"1585 Raymond Field, Port Madisonland, TN 28302"
29,Darlene,Harper,williamsmatthew@buchanan.com,Engineering,Senior Developer,49207,2025-02-01,+1-639-433-5290,"Unit 8421 Box 0205, DPO AE 77683"
30,Mario,Thompson,martinezrobert@reese.info,Support,Support Manager,80093,2024-10-29,891.878.3908x47007,"711 Franklin Circles Apt. 499, Oscarhaven, LA 59970"
31,William,Jordan,farrelldebra@le.com,Marketing,Content Specialist,119341,2023-01-03,366.315.6545x271,"528 Brenda Points, Elizabethchester, MI 87708"
32,Shelley,Henderson,schmittcaroline@garcia-romero.com,Support,Customer Success,130909,2024-03-21,815.285.1493,"24455 Howard Divide Suite 120, Lake Alyssafurt, MT 59961"
33,Matthew,Wood,kimberly99@ware.com,Operations,Procurement,129259,2024-09-16,6145767976,"6149 Rose Inlet, East Randallton, AL 27295"
34,Kevin,Clark,kathrynroberts@smith.biz,Operations,Project Manager,79718,2021-10-24,(783)888-5160x6071,"1605 Laurie River Suite 516, East Ryanfurt, NC 10809"
35,Randy,Collins,jeffrey21@schultz.com,Sales,Account Executive,142647,2022-09-10,+1-923-912-4329x2127,"527 Taylor Roads Suite 490, Williamport, NH 59734"
36,Benjamin,Wood,chase19@hunter.com,Finance,Auditor,101155,2023-03-09,001-335-797-8207,"Unit 1820 Box 3778, DPO AP 80429"
37,Erik,Watson,paul59@mccormick.com,Legal,Compliance Officer,73746,2021-04-07,486-744-9251,"91486 Li Skyway Apt. 685, West Kyleborough, MA 64237"
38,James,Cooke,chrisrichard@romero.net,Sales,Sales Engineer,109686,2021-02-14,592-996-2229x27065,"83473 Gregory Ports Suite 746, Burchborough, AS 79755"
39,Devon,Wright,jsawyer@dawson.com,Marketing,Marketing Manager,59371,2022-05-12,001-824-778-2613x75060,"3051 Moody Dam, West Samanthafort, UT 18692"
40,Katherine,Harrison,bullockandrew@conley.org,Sales,Account Executive,148819,2023-07-30,943-341-0369,"808 Jennifer Highway Suite 095, New Robert, TN 88085"
41,Christopher,Villegas,ashleyamy@spencer.biz,Legal,IP Specialist,53326,2025-11-04,705-415-3195x205,"722 Jennifer Mount Apt. 430, North Leslie, ME 68053"
42,Raymond,Ochoa,wking@lee.com,Legal,Contract Manager,123104,2022-04-21,(366)876-5277x584,"451 Mark Hill, Seanchester, GA 90909"
43,Scott,West,christina64@whitney.biz,Operations,Admin Assistant,77953,2022-10-02,001-220-429-7021x3556,"7192 Sanders Run Suite 310, South April, PW 74120"
44,David,Hampton,nlewis@benson-lutz.com,Engineering,Software Engineer,134353,2021-07-20,672-671-5518,"8313 Joel Park, West Angelastad, NH 72806"
45,David,Henson,parkeryvonne@mendoza.org,Finance,Controller,59621,2021-04-21,317-478-5289x22680,"3584 John Roads, Davidport, RI 70425"
46,Clarence,Davidson,georgeweber@morgan.com,Finance,Payroll Specialist,65730,2021-05-05,+1-594-839-6907x8447,"027 Washington Ford, Catherinemouth, VI 94658"
47,Luis,Travis,theresa25@hoffman.com,Operations,Operations Manager,139646,2023-03-09,(710)746-9632,"8774 Johnson Lock, Levyborough, OR 46755"
48,Brandon,Campbell,amitchell@jordan.com,Finance,Auditor,144871,2024-10-03,(906)609-8358x416,"16558 Fischer Flat, Porterton, AZ 18462"
49,Jennifer,Brock,ghernandez@murphy.com,Sales,Sales Engineer,58947,2021-09-30,+1-749-758-8879x470,"409 Baker Shoal Apt. 097, New Cristina, RI 50333"
50,Dylan,Becker,armstrongjackie@smith.biz,Finance,Auditor,124818,2021-09-10,001-936-889-7028x385,"8585 Bishop Fields, West Angela, IN 39509"
51,Kellie,Bush,wstewart@peck.com,HR,Recruiter,94009,2023-10-21,+1-766-952-4041,"38484 Daniel Streets Apt. 308, Lake Jesse, CT 54673"
52,Mark,Kennedy,adampierce@russell.info,Sales,Sales Engineer,147056,2024-03-10,001-845-940-1938x02620,"04991 Mitchell Row Suite 287, Jamesville, MA 21799"
53,Jessica,Wong,alexisrogers@bradley-todd.com,Engineering,QA Engineer,87487,2023-12-29,+1-266-685-1612x2753,"5499 Jose Lake Apt. 017, Erikhaven, MH 92717"
54,Kayla,Vaughn,michael33@mendoza.org,Operations,Operations Manager,59662,2022-10-21,001-387-383-3918x785,"822 Bond Mills, Lake Jamieshire, NM 12420"
55,Rachel,Griffin,chavezwilliam@elliott-hansen.com,Support,Help Desk,76385,2024-07-21,(940)239-1065x1801,"65676 Miller Shore, Lake Michelle, DE 23893"
56,Victoria,Long,jessicawalker@avila.info,Engineering,Senior Developer,119364,2024-04-21,+1-668-563-3752,"USS Johnson, FPO AP 55451"
57,Christina,Mayer,allencarlos@johnson.com,Marketing,Marketing Manager,140932,2022-02-28,6675383028,"953 Walter Shore Apt. 644, New Stacyburgh, SC 89466"
58,Ronald,Simpson,shelly68@horton-russell.com,Operations,Operations Manager,144693,2022-10-26,001-487-833-4270x86688,"1751 Brett Lane, Port Charlesshire, VA 88509"
59,Angelica,Mendoza,kevin03@hayden.info,Sales,Account Executive,131474,2025-07-05,001-693-663-8546x785,"1753 Edwards Cape Apt. 204, Phillipsborough, MA 30650"
60,Noah,Whitaker,rpierce@scott-underwood.info,Operations,Admin Assistant,66643,2023-03-29,001-252-828-7280x8010,"20387 Brown Route, Hopkinstown, AL 70259"
61,Andrea,Smith,amanda40@li.com,Finance,Auditor,124507,2021-06-21,682-833-9845,"9334 Desiree Walks Apt. 166, Tranton, SC 01739"
62,Jacqueline,Miller,vnewman@madden.com,Legal,Paralegal,115686,2022-01-31,001-297-540-1489x025,"42939 Rhodes Plains Suite 621, Brianchester, IN 10464"
63,Matthew,Mack,unovak@walters.info,HR,HR Manager,97296,2022-01-28,+1-566-329-6194,"2655 Christopher Inlet, Wardview, CT 17868"
64,Christopher,Jordan,fgarcia@spencer-carlson.com,Support,Support Manager,112839,2025-04-04,4468618398,"4721 Ryan Manor Suite 715, Sherylfort, PA 81329"
65,James,Rodriguez,adam65@james.biz,Operations,Operations Manager,77493,2025-01-05,+1-992-545-9375x2654,"5193 Erin Plaza Apt. 737, Marieland, GU 54128"
66,Emily,Taylor,john26@jones-ewing.info,HR,HR Specialist,89313,2023-11-06,+1-386-580-5891,"90965 Rodriguez Courts Suite 388, South Neil, NH 89571"
67,Brianna,Mason,whitney71@perry-nixon.com,Engineering,QA Engineer,117603,2025-02-03,001-925-745-7387x5717,"105 Erica Expressway, New Greg, GA 43884"
68,Anita,Mullen,laurensoto@davidson.biz,HR,Training Specialist,73864,2021-01-30,+1-337-496-6033x419,"1478 Harper Ridge, Matthewsstad, MI 60513"
69,Christina,Cervantes,samantha91@anderson.com,Engineering,Software Engineer,137778,2022-10-21,(486)969-2966,"274 Jacob Ville, Harveystad, AL 64019"
70,Derrick,Ochoa,fortiz@mckinney-wallace.com,Engineering,Senior Developer,53834,2021-05-08,9349043842,"148 Weaver Throughway, Port Jenniferside, IL 56226"
71,Curtis,Greer,kennethkidd@baker-atkins.com,Engineering,Tech Lead,54287,2023-02-18,433-595-9629,"584 Mario Squares, Keithview, PR 67926"
72,Tricia,Shelton,taylorkaren@sellers-riddle.com,HR,HR Manager,132684,2024-06-11,(632)853-6729,"168 Neal Wells, Shawnfort, MD 76779"
73,Aaron,Schroeder,simonstephen@terry.biz,Operations,Project Manager,115678,2022-01-09,(237)345-4589x29750,"12770 Harris Spurs Apt. 424, Lake Michaelland, MN 87599"
74,Rebecca,Martin,ugarrett@fischer.com,Sales,Sales Engineer,120525,2020-12-09,912.393.8700x5162,"115 Ibarra Dam, Ayalaberg, SD 89254"
75,Douglas,Moreno,bishopfrank@bowen-fuller.com,Operations,Project Manager,147841,2025-07-15,+1-473-511-2196x565,"89994 Melanie Shoals, Jamiehaven, ID 98522"
76,Peter,Lucas,troyrodriguez@little-jones.com,Operations,Procurement,69957,2025-11-15,626-596-5827x10910,"8486 Miles Corner, West Christopher, CO 67518"
77,Samantha,Mccann,amandamyers@hines.com,Marketing,Marketing Manager,131374,2024-06-06,001-330-231-6179x9042,"75884 Nathan Summit, Jessicaville, WI 04348"
78,Matthew,Patterson,bakertheresa@jones.info,Legal,Compliance Officer,100519,2025-03-27,(252)241-9138,"07562 Sarah Walks, New Lindachester, IN 42680"
79,John,Moon,joseph19@wilson-nunez.com,Legal,Contract Manager,140561,2021-10-31,606.617.4451x87053,"5973 Edward Lodge, East Ambertown, MA 00692"
80,Katherine,Bennett,dalton83@vasquez-brown.com,Engineering,Software Engineer,52944,2024-06-30,303-486-5719,"99062 Kelly Vista Suite 655, Nelsonland, ID 18341"
81,Kimberly,Richards,danielcole@russell-herrera.com,Legal,Compliance Officer,149935,2023-03-13,541.712.4903x521,"442 Stephanie Walk, Hawkinsside, IA 12916"
82,Steven,Lara,davidbrown@anderson.com,Marketing,Content Specialist,70112,2024-05-14,+1-319-294-1013x7215,"USS Jackson, FPO AP 57275"
83,Lorraine,Foster,reyesronald@lewis-lopez.com,HR,Training Specialist,103800,2023-03-02,(909)299-3476,"63838 Veronica Tunnel Suite 787, Robertahaven, MD 51406"
84,Joseph,Johnson,anthonycochran@brown-frey.net,Sales,Business Development,69050,2022-09-22,001-532-813-3480,"39559 Jade Knoll, New Stacy, MP 65018"
85,Amber,Thompson,davisjesse@smith.com,Finance,Payroll Specialist,77742,2022-08-06,+1-732-352-5002x921,"154 Taylor Estate Suite 752, Jeffreyshire, GU 23484"
86,Nicholas,Gross,david09@rosales-townsend.org,Marketing,Brand Manager,117132,2021-02-05,+1-759-439-1725x135,"570 Clark Square, West Jonathanville, VA 00668"
87,Brandon,Kim,acosta@macias-bell.biz,Marketing,Marketing Manager,130477,2021-06-11,793.427.1040x5411,"181 Wheeler Ridges, Bushchester, SD 22127"
88,Catherine,Hamilton,garciajamie@ortiz.net,Engineering,Software Engineer,143771,2022-04-06,843-310-6987x2050,"10324 Thomas Crescent Suite 677, Christopherside, MS 24733"
89,Nathan,James,seanbaker@baker-hood.org,HR,Recruiter,98269,2021-03-30,001-911-558-6938x06868,"0898 David Throughway, Thompsonburgh, IL 25761"
90,David,Henderson,oharris@flowers.com,Operations,Procurement,73016,2025-06-29,916-286-8548,"62299 Sara Port Apt. 485, Bakerfort, OK 80318"
91,Thomas,Jackson,mthomas@steele.com,Legal,Legal Counsel,66579,2024-05-22,9743505444,"Unit 3247 Box 5469, DPO AP 12204"
92,Jacob,Lewis,wfigueroa@camacho.com,Legal,Legal Counsel,96173,2021-04-06,001-286-928-9023x303,"345 Wagner Roads Apt. 035, Wheelerburgh, VI 62705"
93,Brenda,Bailey,marygreen@davis.org,Finance,Payroll Specialist,82388,2024-11-01,933.434.6800,"49446 York Mount, Jefferyport, TX 68742"
94,Madison,Sanders,smithyvonne@hoffman-wheeler.com,Legal,IP Specialist,131752,2022-06-06,571-454-5444,"96520 Bright Green, Sullivanton, OR 93309"
95,Wanda,Cabrera,jessica38@glover.net,Operations,Project Manager,69890,2022-06-09,(482)741-7248,"3465 Green Hill, Yorkfort, AR 83652"
96,Brandy,Blackburn,kennedyjames@dillon.net,Finance,Financial Analyst,52665,2022-06-06,7224356972,"2500 Hill Trace Apt. 927, East Christinachester, MO 56734"
97,Tammy,Reyes,fergusonjessica@mcclain.com,Engineering,Tech Lead,52492,2021-01-09,6334542168,"4789 Hamilton Spur, West Wendy, NM 47588"
98,Karen,Martin,osmith@mercer.net,Engineering,QA Engineer,107493,2021-10-12,(306)848-9090x100,"472 Heather Roads, West Robertville, TN 68698"
99,Joseph,Obrien,robertroach@higgins.com,Sales,Sales Rep,111562,2023-06-05,+1-534-983-5642x087,"11972 Kimberly Club, West Dawnmouth, LA 35120"
100,Steven,Garcia,morganphelps@solis-edwards.com,Marketing,Content Specialist,53981,2021-05-30,001-300-822-5579x41552,"6762 David Stream Apt. 216, Phammouth, HI 80628"
101,Noah,Howard,huffmannichole@mcpherson.com,Marketing,Content Specialist,97923,2025-05-17,301.845.0899x358,"5628 Alexander Estate, Christianburgh, CA 98992"
102,Travis,Allen,brent38@gray.info,Marketing,Social Media Lead,77271,2024-12-10,217.375.1701x660,"837 Cox Center Apt. 758, Moranstad, VT 59815"
103,Daniel,Malone,aaronkelly@brandt.com,Engineering,QA Engineer,55745,2021-03-01,(372)861-4933,"516 Sara Villages, Port Patriciamouth, TN 77743"
104,Stephanie,Taylor,vsmith@tran.org,Legal,IP Specialist,119085,2023-05-09,529.622.1699x58669,"7226 Cameron Plaza Suite 833, New Jennifer, TX 45759"
105,Samantha,Anderson,williambenson@page-hodges.net,Support,Help Desk,71772,2023-05-04,001-868-446-0810,"42442 Hannah Hill, Port Amber, MI 59823"
106,Curtis,Parrish,juliahoffman@dixon.com,Support,Customer Success,79814,2024-05-26,5669658004,"893 Kelly Fall Apt. 228, South Billyview, OH 35135"
107,David,Silva,adam72@hernandez.org,Legal,Paralegal,133039,2021-03-10,+1-394-479-8515x8328,"53355 Carter Terrace Suite 801, Seanbury, AZ 89964"
108,Nicole,James,cruzamber@johnson-black.com,Finance,Payroll Specialist,86441,2023-07-05,377.504.3581x12880,"613 Lucas Cliffs, North Stephen, MA 05466"
109,Christopher,Brown,angela93@russell-hayes.biz,Marketing,Marketing Manager,105068,2023-02-07,3617809190,"PSC 1449, Box 1476, APO AA 87103"
110,Anthony,Moore,derekmyers@phillips.com,Marketing,Marketing Manager,115468,2025-09-22,8883210099,"68222 Christina Glen Apt. 129, Port Karenside, NH 84999"
111,Andrea,Roberts,kingjames@freeman.com,HR,Training Specialist,79760,2021-06-08,+1-713-757-7594x929,"USNS Smith, FPO AE 29536"
112,Jennifer,Davidson,mary25@ford-howard.com,Sales,Sales Manager,54016,2023-05-16,329-314-2834,"969 Rebecca Plaza, Amyside, NJ 86210"
113,Kimberly,Diaz,patricialawrence@anderson-mason.com,HR,HR Manager,82353,2022-12-02,703.292.8272x29927,"14530 April Turnpike Suite 677, North Tinamouth, CT 92741"
114,Tanya,Schultz,mary49@hudson.org,Sales,Business Development,116200,2024-03-15,984-963-8655,"272 Chris Row, Jasonburgh, GA 47978"
115,Carolyn,Montoya,robertrivera@olson.info,Finance,Auditor,130717,2021-12-27,(460)230-2992,"24286 Natalie Stream, Staceyborough, NV 79999"
116,Victoria,Dillon,jeffreyjenkins@norton.org,Engineering,QA Engineer,84240,2024-03-27,225-579-9136x621,"91279 Natalie Place Apt. 172, Port Erikachester, NC 55640"
117,Mitchell,Williams,zperez@clarke-james.org,Marketing,Content Specialist,79664,2024-12-17,001-591-262-4731x49864,"818 Nicholas Ford, Robertville, FL 56347"
118,Denise,King,ncunningham@braun-sanders.com,Marketing,Marketing Manager,142310,2023-01-01,+1-772-858-8744,"372 Jason Locks, Laurenton, GA 51501"
119,Tamara,Smith,morrowthomas@graham.com,Sales,Sales Manager,81930,2023-12-25,001-666-598-4902x7703,"205 Diana Estate, West Kimberlystad, TN 52293"
120,Richard,Gonzalez,mclaughlincasey@dunn.net,HR,HR Manager,71685,2025-07-06,(854)339-3769x042,"1848 Benson Lane Suite 357, Mosleytown, NJ 15740"
121,Jonathan,Reyes,ericahall@gutierrez-gomez.net,Finance,Auditor,109032,2020-12-25,534-616-5182x755,"3334 Jermaine Village, Port Christine, FL 14484"
122,David,Miller,waustin@rubio.com,Finance,Accountant,57097,2023-05-26,001-447-228-4639,"8085 Dalton Trail Apt. 718, Stewarttown, AL 88857"
123,Jason,Carpenter,michael42@baker.com,Legal,Compliance Officer,50778,2022-10-07,563.365.5647x2929,"663 Lauren Streets, South Linda, HI 55750"
124,Victor,Cowan,kristen44@garrison.com,Engineering,Tech Lead,146072,2021-03-27,271-875-4558x845,"982 Kelly Spring, Hamptonmouth, FM 10778"
125,Patrick,Mitchell,mirandadavidson@fisher-salazar.biz,Sales,Sales Manager,66178,2025-03-07,812-653-5544,"987 Jackson Walk Apt. 234, East Garrettville, CT 08862"
126,Sharon,Kennedy,johnsonrandy@garcia.com,Operations,Admin Assistant,137493,2021-05-11,(743)934-7228x2005,"728 Brittany Motorway Suite 884, Timothybury, AS 12239"
127,Scott,Diaz,eric00@ochoa.info,Legal,IP Specialist,46267,2023-08-12,001-577-840-6493x085,"3266 Jose Manors Apt. 894, Deborahside, AS 35736"
128,Robert,Castaneda,derrickrodriguez@williamson-nelson.org,Marketing,Marketing Manager,135573,2023-05-25,302-408-0214x42703,"6475 Terry Bypass, Christopherberg, AR 35432"
129,Kimberly,Jones,qwhite@clayton-martinez.com,Sales,Sales Engineer,49722,2022-11-11,430.237.1837x645,"7435 Michelle Forge, East Cynthiamouth, AL 22437"
130,Laura,Richards,amccormick@perkins.info,Support,Technical Writer,117420,2024-05-18,(251)232-7195,"812 Hall Point, Lindamouth, VA 25793"
131,Andrew,Gray,johnwilliams@kim.com,Sales,Business Development,61704,2023-10-09,+1-455-974-9821,"570 Gross Brook Suite 935, Lake Tammyfurt, ID 69191"
132,Felicia,Cannon,chloemorris@morris.com,Engineering,Tech Lead,92795,2025-02-10,(820)931-7310,"53910 Diana Village Apt. 705, Shortton, GU 81363"
133,Joseph,Williams,davenportchristian@yu.com,Engineering,Tech Lead,72535,2024-07-24,+1-863-338-3928,"761 Laura Plaza Suite 852, Mahoneymouth, OH 43054"
134,Megan,Gutierrez,umckenzie@allen.net,HR,HR Specialist,91357,2025-07-27,657-276-0049x082,"50488 Clinton Mount, Ericview, MN 76805"
135,John,Scott,christopher69@navarro.com,Legal,IP Specialist,143235,2024-11-25,(379)219-4096,"PSC 5566, Box 1390, APO AP 83363"
136,Patrick,Torres,floresannette@shaw-walker.com,Sales,Account Executive,66299,2024-04-21,(379)998-1364x6225,"641 Shaw Trail, Port Dennis, OH 26467"
137,Tony,Pearson,annshea@sanchez.com,Sales,Business Development,48248,2024-05-12,001-711-266-5535,"9792 Williams Viaduct, East Gina, FL 99818"
138,Jessica,Miller,sanchezchristine@melton.com,Sales,Sales Manager,147548,2022-08-27,547-670-5383,"069 Jonathan Circle, Jamesview, AR 61444"
139,Diana,Smith,qguerrero@ward.biz,Legal,Paralegal,79970,2022-02-03,(281)257-9812x3878,"7620 Sutton Knoll Suite 384, Lake Jonathanfurt, FM 04363"
140,Sherry,Avery,edwardprince@taylor.org,Sales,Sales Rep,95140,2025-04-20,+1-436-539-2649x57823,"826 Diana Port Apt. 518, East Lonnieberg, VA 04365"
141,Kathy,Beard,tali@reese-underwood.com,Engineering,DevOps Engineer,74154,2021-09-11,512.520.9949,"1728 Joseph Landing, Port Paul, NJ 18525"
142,Frank,Perez,aduran@clements-walker.com,HR,Benefits Coordinator,90830,2024-09-22,827-297-5736,"569 Abigail Mission Suite 038, Terrellton, OH 51278"
143,Zachary,Mccoy,leescott@ayala-mitchell.com,Finance,Financial Analyst,74219,2023-01-18,+1-408-827-7181x298,"27937 John Square Apt. 111, Waltersland, NC 93205"
144,Patrick,Moody,nicholasjames@barr.com,Engineering,Senior Developer,97227,2021-09-30,(320)464-4742,"USS Dean, FPO AA 02101"
145,Stephen,Foley,franklintrevor@chapman.info,Support,Help Desk,54099,2022-12-27,599-203-8498,"502 Elizabeth Villages, Markland, AR 14773"
146,Robert,Thompson,cheryl99@thompson.com,Finance,Controller,129080,2021-05-27,755-861-6814x7214,"019 Timothy Spurs, Ronaldmouth, KS 69365"
147,Barbara,Hanson,christinacrawford@welch.org,Legal,IP Specialist,88404,2022-02-06,730-510-7139x6605,"441 Evans Plaza, Katieville, TX 44185"
148,Matthew,Ramsey,collierjames@nielsen-mendoza.info,Engineering,Software Engineer,79237,2024-12-03,+1-727-227-8576x0849,"1240 Terrell Road Apt. 996, New Darryl, WY 99006"
149,Kyle,Hodge,nelsonchristopher@watson.com,Sales,Sales Engineer,79795,2023-07-25,(915)403-1780,"845 Kayla Courts Apt. 307, Reeveshaven, DE 01039"
150,Larry,Williams,cookpamela@meyer.com,Engineering,Software Engineer,123193,2021-01-18,001-443-653-3448x57142,"85854 Sherry Unions, Audreyburgh, CA 41313"
151,Christina,Morgan,bwilliams@berger-williams.biz,Legal,Compliance Officer,140491,2021-03-16,(462)399-7954x53817,"74773 Douglas Ridges Suite 562, Kristinamouth, NH 64399"
152,Anthony,Alvarez,timothy24@munoz-anderson.com,Support,Support Manager,124457,2022-12-19,001-515-481-4876x963,"Unit 6153 Box 9669, DPO AA 71873"
153,Heather,Thompson,stevensonjennifer@wilson-carlson.com,Marketing,Brand Manager,120574,2023-09-18,324.561.9196x570,"27846 Gonzalez Springs, Kevinport, PW 57481"
154,Jennifer,Herman,aguilarcheryl@powell.com,HR,HR Manager,50817,2025-06-11,8087514036,"6832 Taylor Point Suite 562, Whitneyberg, DC 02021"
155,Charles,Smith,ibarrett@taylor.info,Legal,Legal Counsel,113146,2025-05-28,001-596-492-7868x765,"738 Jenkins Plains, Arthurton, OK 63843"
156,Janet,Wilson,fnixon@cross.com,HR,HR Manager,101531,2023-04-06,689-213-7189,"PSC 8077, Box 8795, APO AA 46758"
157,Susan,Yates,gary94@glover.org,Marketing,SEO Analyst,126678,2021-10-12,3496047128,"4019 Renee Streets Apt. 752, Kimberlybury, NM 24200"
158,Lauren,Atkins,tracey29@monroe.biz,Support,Support Engineer,139339,2022-02-15,923.695.0410x276,"6742 Smith Union, Reyesmouth, NC 90006"
159,Stephanie,Davis,stephanie69@garrison.com,Finance,Auditor,85538,2022-03-19,001-767-239-3852,"61817 Robinson Haven, Jamestown, RI 12551"
160,Brian,Wheeler,stephanielittle@rosario.biz,Legal,Compliance Officer,97743,2024-03-21,+1-692-412-4471x7465,"66504 Thompson Cliff Suite 396, Lake Travis, FL 71362"
161,Kayla,Robinson,gainesjennifer@johnson.org,Finance,Auditor,61683,2024-07-29,001-970-972-0064x25690,"306 Martinez Plain, Mathewport, MO 07735"
162,Cynthia,Benjamin,diazmelissa@miller-stevens.com,HR,Benefits Coordinator,132153,2024-03-05,(980)363-4615,"320 Anthony Ramp Apt. 761, Victormouth, AK 05356"
163,Matthew,Morgan,sullivanjason@contreras.net,Legal,Paralegal,125676,2021-09-06,001-231-502-7079,"20417 Mary Circles, North Tylerbury, CA 27061"
164,Ronald,Cain,rnguyen@gardner.com,Finance,Payroll Specialist,116819,2024-10-04,001-725-411-4262,"19620 Miller Avenue, North Jasmine, OR 37690"
165,Robert,Aguirre,nschwartz@bowman.info,Engineering,Tech Lead,82606,2022-12-30,(790)892-7914,"18195 Steven Road, West Brian, DE 20059"
166,Gina,Schmitt,kjimenez@livingston.com,HR,Benefits Coordinator,147990,2023-02-10,597-901-0822x07811,"3531 Perez Freeway Suite 363, South Brendaton, FM 57630"
167,Dustin,Reilly,xthompson@ellis.com,Support,Support Manager,102905,2025-10-25,952.909.0421,"49292 Christopher Walks Suite 397, Ramirezchester, WA 32830"
168,John,Hamilton,patriciavargas@mcintyre.biz,Operations,Project Manager,112000,2025-11-02,9789068671,"632 Phillips Rue, North Timothyport, GA 92684"
169,Stephen,Hudson,braysteven@sawyer.com,Operations,Project Manager,131356,2024-11-20,(570)316-5804x649,"085 Daniel Lakes Suite 905, Gregoryside, VT 09283"
170,Ann,Ayala,tinaallen@banks.org,Marketing,SEO Analyst,112561,2025-04-17,001-733-955-4864x015,"8847 Marsh Square, East Patriciamouth, CO 11009"
171,Peter,White,rodriguezjoshua@hernandez.com,Support,Support Engineer,143453,2022-05-27,+1-782-875-6704x31038,"9887 Torres Curve Suite 243, Watsonport, WI 06703"
172,Eddie,Mitchell,christinemartin@mitchell.com,HR,HR Manager,74444,2021-09-28,505-292-7452,"57828 Martinez Burg Suite 727, Ericside, NY 43922"
173,Deborah,Phillips,tara92@chandler.com,HR,Recruiter,48201,2024-08-05,9287140693,"398 Kimberly Trafficway, Jamesland, ND 58888"
174,Erica,Rosario,ulee@jacobs.com,Engineering,Senior Developer,107277,2022-12-04,001-365-565-0455x478,"674 Linda Manors Suite 299, East Jaredfort, VI 69353"
175,Valerie,Jones,adavis@rocha.org,Marketing,Brand Manager,99321,2024-09-17,(632)964-8704,"00244 Martinez Shores Suite 627, North David, KY 65126"
176,Virginia,Jones,bianca96@burton-alvarez.com,HR,Benefits Coordinator,109799,2022-10-20,001-290-642-9025x7252,"44818 Katie Falls Apt. 928, Moniqueport, KY 90343"
177,Helen,Cox,madeline02@campbell.com,Legal,Paralegal,64342,2021-06-13,(383)838-9888,"20754 Taylor Mills, Geraldport, AK 98078"
178,Lisa,Walker,haileyparker@anderson.biz,Engineering,Software Engineer,147029,2024-05-23,210-976-0310,"14011 Briana Flats Apt. 501, Port Julie, KY 76490"
179,Michael,Martin,williamjones@hines.com,Legal,Paralegal,68053,2021-10-17,001-880-813-8759x27125,"1517 April Park, Janetside, VA 05823"
180,Christopher,Snyder,mcampbell@collins.net,Operations,Operations Manager,118060,2022-12-22,(431)875-2071x67811,"215 Matthew Ranch, Martinezchester, VA 65920"
181,Joshua,Reeves,katelyn65@estrada-clements.info,HR,HR Specialist,104829,2023-06-30,(271)314-7732,"0269 Hernandez Road, Port Charleshaven, WI 65013"
182,Laura,Harris,qhenry@cooper.com,Sales,Business Development,132500,2025-11-22,467-656-7700,"6246 Gallagher Port, Kellerside, OK 62081"
183,Thomas,Dickerson,myerstroy@jensen-gomez.com,Support,Support Manager,125301,2022-07-16,8903255905,"5033 Deborah Ramp Apt. 141, Geoffreyside, MD 05400"
184,Steven,Boyer,sadams@chapman-odom.biz,Legal,IP Specialist,103446,2023-10-16,891-571-3578x52945,"344 Kenneth Ports, Ballardland, VT 76285"
185,Cody,Rogers,knightamanda@clark-flynn.com,Sales,Business Development,103991,2023-06-17,268-453-6649x8782,"748 Michael Stream, New Jamesmouth, FL 32007"
186,Edward,Jennings,megan65@walters.com,Finance,Financial Analyst,128579,2025-01-20,+1-924-993-6312x3034,"0324 Anthony Turnpike Suite 820, Caseyton, VI 11501"
187,Lee,Evans,lesterrichard@powers-blackwell.biz,Finance,Auditor,108517,2025-08-27,001-523-319-8189x8471,"9636 Drew Extensions Apt. 476, Michelleton, NM 70423"
188,Nicholas,Fry,amy73@suarez-giles.com,HR,HR Manager,102654,2023-04-25,(340)590-0348x645,"64413 Clark Estates Suite 560, Michellefort, NJ 97093"
189,Robert,Randall,gmcdowell@hale.com,Marketing,SEO Analyst,75735,2022-09-11,+1-685-770-0272x063,"38296 Hayes Well, West Glenn, OR 43437"
190,Lauren,Gonzalez,zrichardson@duffy-wilkerson.com,Finance,Controller,86904,2021-01-14,2898317342,"15291 Jennifer Mews Suite 713, East Sophia, GU 35392"
191,Keith,Snyder,ryanclark@carney.com,Marketing,Content Specialist,64769,2023-01-11,(920)444-3973x59710,"366 Jones Point Apt. 053, Odonnellton, AL 33748"
192,William,James,ilambert@williams.info,HR,Benefits Coordinator,135957,2025-08-03,921.658.6241x502,"4948 Graham Expressway Suite 728, Brownberg, AR 30629"
193,Isaac,Harrison,janicegraham@williams-kelly.net,Sales,Account Executive,53418,2023-05-13,512.215.1342x2849,"1371 Johnson Springs, South Nathanielville, MP 42907"
194,Eric,Miller,rgibson@barrett.org,Legal,Contract Manager,88369,2025-09-10,692-430-4501x89616,"03266 Holland Shoal Apt. 147, Fitzgeraldport, MH 90280"
195,Carrie,Howard,collierwilliam@griffin-hughes.com,Operations,Procurement,53161,2023-10-02,(416)959-2661x08573,"7617 Hernandez Crossroad, Mckenziehaven, NE 39230"
196,Ashley,Arnold,palmerwilliam@davis-guerrero.org,HR,Benefits Coordinator,96049,2025-01-01,(349)818-0172x260,"9779 Peterson Well Apt. 321, Monicaville, NE 70542"
197,Andrew,Foster,jacksonthomas@sullivan.info,Engineering,QA Engineer,94857,2022-06-14,+1-256-541-2203x103,"368 Christopher Trail, Hernandezchester, AK 15765"
198,Gabriel,Hernandez,emaynard@heath.com,Operations,Operations Manager,91105,2021-12-10,001-660-250-1667,"997 Jennifer Pines Apt. 695, West Patriciachester, FM 62542"
199,Daryl,Dean,shane60@roberts.info,Finance,Payroll Specialist,99921,2022-08-28,883.895.9724,"2934 Elizabeth Curve Apt. 329, Garciachester, NM 40301"
200,Jimmy,Hawkins,howardjose@moore.com,HR,Benefits Coordinator,73760,2024-12-21,661-493-1837x45508,"077 Theresa Tunnel, Port Annahaven, CT 22396"
201,Crystal,Pitts,eric47@jimenez.com,Finance,Payroll Specialist,108654,2022-08-11,(613)476-0375,"653 Karen Pines Suite 326, Hardinmouth, PR 68154"
202,Laura,Cox,ramoskayla@drake.com,Engineering,DevOps Engineer,89057,2022-12-11,001-626-706-0290x84668,"PSC 0489, Box 2673, APO AP 82337"
203,Kristina,Pearson,pam63@miller-medina.biz,Legal,Paralegal,106261,2024-07-24,001-228-284-3188x4852,"46810 Green Parkways Suite 101, Evanstown, NH 44931"
204,Tonya,Trujillo,michaelmitchell@armstrong.com,Sales,Sales Engineer,115008,2021-06-18,993.557.1266x11062,"869 Wiggins Prairie Suite 677, Colonberg, NY 17163"
205,Todd,Ellis,bensonstanley@francis.com,Engineering,DevOps Engineer,122580,2025-07-18,496-311-5940,"4702 Kristen Manor Apt. 443, Port Jodi, AL 16534"
206,Amy,Jones,butlerashley@chavez.org,Engineering,Software Engineer,129246,2021-08-07,(887)877-2519,"8074 Michelle Station Apt. 948, Lake Anitaborough, RI 71520"
207,Barbara,Brown,karenshaw@martinez.com,Legal,Paralegal,105515,2025-10-01,933-297-1895x690,"0856 Davis Courts, West Douglas, KS 12248"
208,Eric,Farley,brianwoodward@johnson.com,Sales,Sales Rep,79099,2022-11-20,826-354-6103x39937,"8617 Rick Fort Apt. 489, East Kathrynberg, ME 74982"
209,Richard,Miller,kristathomas@galloway.biz,Legal,Compliance Officer,72742,2025-09-29,+1-270-907-9420,"653 Williams Streets Apt. 416, Port Donaldside, KY 57119"
210,Jason,Wagner,nicole54@chavez.com,Operations,Facilities,89236,2021-12-27,+1-950-820-9700x268,"071 Stanton Lane, Paultown, DE 61147"
211,Mitchell,Lee,walkerandrew@becker-fletcher.com,Legal,Compliance Officer,143567,2021-05-21,+1-543-837-5047x930,"872 Donna Port Apt. 192, East Jordanshire, PR 30380"
212,Nicole,Daniel,james08@king.biz,Legal,Compliance Officer,55735,2024-02-22,+1-505-266-4187x7580,"750 Lee Common Apt. 361, East Frank, ME 08738"
213,Connie,Davis,breynolds@robles.com,Operations,Operations Manager,143176,2021-06-23,950.358.3199,"00651 Bryan Unions, Brownchester, CA 13847"
214,Erica,Hansen,melissa61@walton.org,Engineering,Tech Lead,74389,2020-12-27,(376)399-1507x8593,"392 Kelly Orchard, Lopezberg, AS 06277"
215,Bruce,Collins,ppalmer@collins-mcclure.com,Marketing,Marketing Manager,143858,2021-09-03,295-845-0892x0388,"315 Elizabeth Square, Greenemouth, PR 76314"
216,Ashlee,Rogers,robert21@walter-lozano.info,Engineering,Senior Developer,71130,2022-01-12,8335793375,"0150 Douglas Mill, Lake Brenda, WV 47675"
217,Bradley,Johnson,justinrobinson@higgins-morgan.net,Engineering,QA Engineer,64973,2022-03-02,702.541.0261,"5289 Johns Circles, East Nicoleberg, WY 25357"
218,James,Gray,louis63@hines.com,HR,Recruiter,107070,2025-03-18,325-430-4289x7317,"8725 Fox Orchard Suite 749, Littleshire, SD 05298"
219,Jamie,Jacobson,zroy@torres.org,Marketing,Social Media Lead,73569,2021-09-21,(248)912-1478x539,"7766 Ballard Island Suite 602, Hallland, MI 11303"
220,Kelly,Shaw,hartmansara@wilson.com,Operations,Facilities,145518,2023-09-01,735-844-4392x84044,"USS Kennedy, FPO AP 20067"
221,Michelle,Perez,thomasblack@todd.com,Support,Customer Success,124415,2022-07-02,466.437.7805,"5536 Jennings Lodge, Marktown, OK 04722"
222,Sandra,Hernandez,ashley99@camacho.biz,Marketing,Content Specialist,85768,2021-04-03,(237)915-9741x2182,"64334 Shawn Land, East Markchester, MO 21083"
223,Veronica,Anderson,emendoza@friedman-glenn.com,Marketing,Social Media Lead,48365,2025-04-16,267-429-9493x8743,"385 Stevens Ports Apt. 147, Isabellaport, MO 80851"
224,Madeline,Horn,nwright@reynolds.org,Finance,Auditor,133781,2021-05-31,001-303-724-8413x768,"567 Johnny Parkways, South Anthonymouth, MS 45544"
225,Julie,Foley,qjohnson@fletcher.com,Legal,Contract Manager,138718,2024-04-15,477.211.8372x742,"1862 Emily Branch, Ericstad, HI 28900"
226,Jennifer,Stafford,scottwilliams@cain.com,HR,HR Specialist,122607,2022-11-21,270-890-0633x5331,"3131 Jennifer Cape, Huntmouth, MD 74170"
227,Courtney,Weber,hmcmillan@lewis.com,HR,HR Specialist,136382,2021-10-21,(550)863-7314x9501,"89241 Jarvis Square Suite 252, Tiffanyfort, CA 44423"
228,Andres,Barr,oreyes@hall.com,Finance,Auditor,60866,2021-01-15,001-414-836-3910x25743,"97524 Schneider Trace, New Latoyachester, SD 38309"
229,Karen,Perez,matthew38@knox.com,Engineering,Tech Lead,114827,2024-12-11,001-539-268-5270x171,"21298 Joel Common, Hardyport, GA 95092"
230,James,Coleman,kevinray@harris.com,Legal,Compliance Officer,54038,2022-12-05,(277)868-9627,"9828 Jonathan Mountain, Shawnfurt, OH 79933"
231,Timothy,Cook,mgonzalez@smith.com,Support,Support Engineer,100057,2023-05-24,(565)867-4916x01692,"USNV Hicks, FPO AA 83729"
232,Haley,Horton,vhouse@allen.com,Operations,Operations Manager,101822,2024-02-03,+1-302-849-7243x99201,"362 King Hollow, Willischester, WV 95875"
233,Molly,Rodriguez,lisa43@sanders.info,Support,Support Manager,137708,2020-12-10,468-464-6225,"179 Jacob Circle, Port Katherine, KS 54082"
234,Scott,Durham,oneillgabriel@miller-martinez.com,Sales,Business Development,68086,2022-08-25,001-237-371-0040,"9847 Sherman Rapids, Rogersmouth, MD 31905"
235,Shelley,Ortega,wbishop@drake-smith.biz,Finance,Auditor,115539,2024-07-24,(909)818-4357,"505 Tara Street, Ericabury, PA 64010"
236,Ricardo,Salazar,baileysheila@hatfield-vincent.com,Operations,Procurement,102091,2024-08-10,993-428-9802x7148,"PSC 1783, Box 3321, APO AE 57503"
237,Victoria,Johnson,raven43@scott.com,Finance,Controller,77177,2024-04-06,+1-871-853-9915,"34141 Christopher Streets Apt. 195, Port Lawrence, MS 76118"
238,Jillian,Collins,melaniewhitney@wise-salinas.com,Marketing,SEO Analyst,104087,2023-07-15,+1-993-916-0875x243,"09548 Joshua Vista Suite 374, Brownmouth, FL 94448"
239,Jason,Oconnor,isabellawilliams@gates.biz,HR,Benefits Coordinator,119691,2022-06-07,+1-620-586-5675x66184,"25904 Pena Ports Apt. 774, East Jeffery, WA 26145"
240,Jill,Smith,gregoryvanessa@bennett.com,Legal,Compliance Officer,48761,2025-07-26,857-420-1859,"01367 Watts Extensions Suite 176, Cynthiamouth, MN 02021"
241,David,Miller,gmay@johnson.org,Operations,Facilities,68834,2023-05-03,001-319-426-7649x215,"8887 April Prairie, Port Karenville, HI 79026"
242,Heather,Smith,hmcbride@anderson.com,Operations,Project Manager,91507,2021-05-17,601-218-4582x603,"USNV Hopkins, FPO AA 18832"
243,Barbara,Neal,catherine83@garcia.com,Finance,Controller,81655,2021-08-23,829.383.9542,"2671 Rhodes Square Apt. 831, Wandaborough, VT 49278"
244,Anne,Holland,roberthernandez@gray-maynard.com,Finance,Auditor,46330,2021-04-28,781-686-1515,"0163 Lynn Tunnel, East Alishaport, OR 64676"
245,Cody,Bailey,andrea91@jackson.com,HR,HR Specialist,76635,2022-08-30,001-488-896-7924x0822,"53967 Scott Knoll Suite 844, Meyerbury, ME 83814"
246,Michaela,Meza,ftownsend@miller.com,Legal,Contract Manager,117768,2023-10-25,948-370-6827,"068 Sanchez Streets, New Shaneburgh, TX 69119"
247,Rebecca,Thompson,mary85@henderson.com,HR,Benefits Coordinator,129659,2022-10-20,653-581-4474,"48079 Brown Avenue Suite 545, North Michaelburgh, MO 46970"
248,Alan,Jordan,christopherrobertson@jenkins.com,Operations,Procurement,148931,2021-09-18,+1-943-476-5456x28417,"53134 Dennis Manor Suite 023, Moyerview, DE 55694"
249,Tracy,Simpson,markduran@shaw-mclean.biz,Engineering,Software Engineer,83566,2021-08-05,702-825-8030,"Unit 0674 Box 4716, DPO AE 81452"
250,Elijah,Dixon,juanwilson@gamble-wright.biz,HR,Benefits Coordinator,135673,2021-12-05,001-218-692-3923x126,"Unit 2609 Box 3106, DPO AA 69310"
251,Kirk,Schultz,jeffreysimmons@hicks.com,HR,HR Manager,132026,2022-06-16,754-556-3502x000,"162 Vaughan Lakes Suite 411, Lake Andreaberg, MA 47761"
252,Judith,Ward,john43@cruz.org,Support,Support Manager,117544,2021-07-15,001-633-971-1895,"Unit 3820 Box 2368, DPO AP 33600"
253,Patricia,Malone,patricia71@jones-barnes.net,Support,Support Manager,142771,2024-11-21,(894)924-0903,"78686 Lawson Ford, North Ernest, IL 78110"
254,Heather,Suarez,ugordon@green.com,Support,Help Desk,137124,2023-09-12,(430)683-4024,"338 Aaron Key, Markside, KS 95145"
255,Dennis,Villanueva,mark00@robinson-sanford.com,Operations,Facilities,85189,2022-03-20,9895164983,"627 Jessica Mews, Eddiefort, CO 65507"
256,Hunter,Lopez,jacobhenry@white.com,Finance,Financial Analyst,60814,2025-01-09,+1-393-812-1637x61820,"02314 Sheena Rapid, Port Tammyville, ND 96987"
257,Loretta,Farrell,harristimothy@stafford.info,HR,HR Manager,60670,2021-09-16,6843810018,"03036 Hernandez Shoal Suite 361, Jacksonville, IN 13835"
258,Stephanie,Campbell,gilbertdavid@huang.com,Sales,Account Executive,73361,2021-10-29,659.326.2494x51475,"252 Griffin Underpass, Briggsville, OK 56528"
259,Susan,Ramirez,morrisdavid@gomez-snyder.info,Operations,Facilities,139972,2024-05-27,(595)823-6687x88788,"931 Michael Ford Apt. 587, North Brian, MI 47799"
260,Melinda,Delacruz,kenneththomas@bonilla.com,Finance,Accountant,70443,2021-03-20,(312)960-6501,"25213 Alexander Village, Hernandezburgh, NJ 97960"
261,Donald,Rose,theodore57@dominguez.com,Finance,Financial Analyst,92301,2023-12-16,(682)506-6784,"1862 Richard Centers, South Isaiah, WA 73808"
262,Cassie,Jones,pwoods@sullivan.com,Sales,Sales Manager,46854,2024-03-03,541.611.5950,"39043 Danielle Bypass, West Christopher, OK 74530"
263,Bradley,Downs,uwilliams@harding.com,Sales,Sales Manager,50965,2024-09-11,(483)256-5215x6818,"9042 Faith Common Apt. 332, New Zachary, VA 80289"
264,Denise,Conrad,seth25@ward-chase.biz,Engineering,QA Engineer,83290,2021-02-19,001-463-639-9129x710,"1752 Martin Harbors, Michaelland, HI 93647"
265,Kelsey,Scott,wgood@santos-taylor.com,Sales,Business Development,58446,2025-10-18,705.346.6927x5895,"0903 Eric Cove Suite 629, Nashbury, MS 61092"
266,Elizabeth,Bailey,dday@miller.com,Engineering,QA Engineer,82268,2025-07-11,(663)965-1559x7371,"2359 Vanessa Trail, Brownstad, WY 56876"
267,Tiffany,Lewis,mirandacisneros@henderson.com,Operations,Procurement,102733,2021-04-13,(614)476-8342x0165,"7826 Gaines Ports Suite 089, North Jennifer, OR 81308"
268,Duane,Beck,alexis72@lin-wilson.biz,Support,Customer Success,51734,2022-04-02,001-807-527-9103x3682,"905 Smith Inlet, Lake Victormouth, MT 54291"
269,Michael,Clayton,wmills@wilson-thompson.biz,Finance,Payroll Specialist,59953,2022-10-20,+1-392-386-6464,"09617 Cynthia Parkway, Lake Kellychester, IL 29714"
270,Kimberly,Arnold,gonzalezterrence@bell.biz,Marketing,Brand Manager,109454,2025-06-23,+1-860-253-8444x4630,"8955 Susan Meadows, New Teresa, ID 81276"
271,Deanna,Poole,oanderson@madden-thompson.com,Marketing,Social Media Lead,127502,2023-07-11,(331)228-1964x82531,"98196 Julia Curve, Waltersstad, HI 31921"
272,Denise,Walker,amandasanchez@townsend-hopkins.com,Engineering,Senior Developer,64555,2021-05-08,(409)611-7911,"17536 Travis Brooks, Jonesland, IL 90591"
273,Robert,Preston,lstokes@smith-white.org,Finance,Accountant,77530,2024-02-04,4156579980,"PSC 3908, Box 0882, APO AE 48327"
274,Danny,Robinson,dillon12@hill-gonzalez.com,Marketing,Social Media Lead,145197,2022-09-05,+1-447-576-8634,"1994 Laura Stravenue Suite 676, Lisaville, PA 50707"
275,Ruben,Bradley,rachael17@preston.com,Legal,IP Specialist,123135,2023-11-15,398-556-0125x6253,"51050 Lewis Port Suite 381, Campbellborough, NC 29004"
276,Dakota,Ramirez,berrydebbie@avila.com,HR,Training Specialist,94856,2021-03-08,570.246.1172x9596,"4260 Matthew Brook, South Codychester, VA 39953"
277,Joshua,Molina,xmiller@snyder-williams.com,Operations,Procurement,83974,2024-06-02,771.859.1030x021,"58004 Daniel Hollow, West Markfurt, KY 92076"
278,George,Taylor,uwilson@mullins.info,Legal,Compliance Officer,119531,2024-04-11,783.597.7457x31441,"117 Jason Skyway, South Lori, ID 64417"
279,Dan,Clark,kathleen47@moore.com,Engineering,QA Engineer,142004,2025-07-09,(379)483-6314x6249,"130 Lopez Burgs, Stanleymouth, MI 35310"
280,David,Pierce,ryan26@jordan.com,Marketing,Content Specialist,126987,2021-06-04,+1-866-334-3629x4897,"31009 Allen Place, West Jeremyfurt, MO 51997"
281,Craig,Gross,tyler23@walsh-mccarthy.com,HR,HR Manager,131563,2024-08-09,328-497-4325,"07650 Terri Club Apt. 095, Aguilarfort, VI 32942"
282,Thomas,Williams,bradleyveronica@fox.com,Marketing,Content Specialist,76439,2024-10-24,645-777-5847,"5897 Joseph Path Apt. 263, West Tyler, IA 76206"
283,Joyce,Mcpherson,jamie13@fowler-sheppard.net,Sales,Sales Engineer,54838,2025-06-07,282.745.5696x443,"7954 Tara Parks, South Erin, NC 38483"
284,Cindy,Beck,tommy14@chavez.com,Sales,Sales Rep,98545,2025-01-24,607-440-6500,"821 Thomas Street Apt. 691, Jefferyfort, MI 33102"
285,Lisa,Walsh,gross@mora-harper.com,Operations,Admin Assistant,106592,2023-10-04,+1-959-423-4268x34414,"28758 Mcdonald Meadow Suite 667, New Anthonychester, CO 99572"
286,Donald,Meadows,bettywatson@daniels.biz,Finance,Accountant,75340,2021-07-26,+1-907-787-0104x15914,"980 Zachary Points, Taylorberg, ME 82845"
287,Larry,Hays,shaffercindy@wilson.com,Finance,Controller,137141,2023-12-16,981-833-1708,"6723 Underwood Springs, Villarrealville, NE 19669"
288,Daisy,Lopez,georgeharmon@gonzalez.com,Operations,Operations Manager,135096,2025-09-25,354.866.1766x2047,"97052 Khan Mount Suite 025, West Rachel, NC 51700"
289,William,Thompson,michaelball@stevens-trevino.com,HR,HR Manager,148262,2022-04-30,001-746-717-6792x98842,"00231 Victor Springs Suite 533, East Jessicafurt, WV 55558"
290,Sandra,Brown,danny17@obrien-pittman.com,HR,Benefits Coordinator,60043,2022-07-17,001-576-529-8334x774,"319 Crystal Skyway Apt. 302, West Kimshire, ND 09933"
291,Matthew,Fleming,nlee@carey.net,HR,Recruiter,79816,2025-03-16,676-361-9128,"98503 Nielsen Glen, Warnerland, VI 21192"
292,Tammy,Jones,melissafrederick@collins.com,Sales,Sales Rep,52816,2023-11-07,700-256-4350x238,"905 Stephanie Rapid, New Timothyberg, KY 95309"
293,Bobby,Johnson,debrareynolds@harrington-walter.com,Sales,Sales Manager,122993,2021-01-16,2038896087,"6821 Wilson Ridges, Michaelmouth, NE 08093"
294,John,Davis,perezjulie@bradley.com,Finance,Payroll Specialist,61299,2024-12-31,502-672-4055,"1114 Troy Street Suite 374, Kimberlyport, VI 86175"
295,John,Orozco,heidi81@reed.org,Operations,Facilities,136715,2023-05-15,732-483-4831,"771 Victor Bypass, Joshuafurt, ME 11575"
296,Brian,Bond,ysimpson@wallace-walker.biz,Legal,Compliance Officer,110597,2021-11-09,(780)840-8509x54930,"86487 Armstrong Port, Franciscofurt, NH 98232"
297,Victoria,Allen,campbellfelicia@miller-wright.net,Operations,Procurement,55543,2022-06-01,001-260-394-5449,"2770 Smith Camp Suite 783, Brownland, KY 80497"
298,Andrea,Ashley,xwhite@green-simpson.com,Engineering,DevOps Engineer,141276,2024-02-02,(790)231-0287,"44058 Caroline Keys, North Williamville, NY 10652"
299,Joel,Nguyen,maria61@simmons.org,Support,Technical Writer,77816,2024-11-16,365-574-9025x04290,"69026 Stephanie Fork Suite 818, New Thomashaven, NC 58306"
300,Logan,Lee,rhonda53@hall-edwards.com,Engineering,Software Engineer,75005,2024-05-27,965.815.8815x793,"369 Catherine Underpass, Matthewville, CO 54044"
301,Robert,Lucero,xchen@yoder.com,Engineering,Tech Lead,120529,2021-10-08,(848)871-2060x21288,"834 Matthew Views Suite 999, Lake Brandonstad, NV 54093"
302,Crystal,Yang,eroberts@taylor.net,Engineering,Senior Developer,106669,2021-05-10,6993576572,"0988 Mitchell Lights Suite 220, South April, OK 81172"
303,Leonard,Reed,davidhill@walker-jackson.com,Operations,Facilities,68788,2025-11-18,001-513-242-1388x20908,"3496 Meyer Village, Phillipsville, VT 93080"
304,Samantha,Wilson,fsnyder@kaiser.com,Legal,Contract Manager,56959,2025-10-12,331-752-8547,"1853 Stacy Road, East Derrickfurt, VI 29364"
305,Emily,Baker,toddlopez@campbell-gonzalez.com,Operations,Facilities,98523,2025-09-10,001-830-561-7893x2064,"243 Contreras Overpass Suite 958, Phillipsbury, DE 99455"
306,Kathryn,Barnes,qnguyen@wilson-marshall.com,Support,Help Desk,132835,2024-03-28,(562)877-9630x448,"5667 Ross Center Suite 735, West Sethbury, OK 22329"
307,Amanda,Chan,gouldchristina@anderson-fernandez.com,Marketing,Content Specialist,88228,2024-12-13,555-481-0835,"342 Rivera Forge Apt. 000, New Raymondfort, AZ 21072"
308,Justin,Johnson,arthurbrady@rios-anderson.com,Legal,Contract Manager,82777,2025-03-31,318-860-0892,"6804 Stevens Courts Suite 976, Russellbury, MT 74031"
309,Joshua,Mitchell,patrickkaiser@long.com,Legal,IP Specialist,49809,2023-03-14,001-606-737-5791,"82379 Christopher Lodge, Millsshire, WV 30966"
310,Brian,Snyder,vcollins@johnson.org,Operations,Operations Manager,86224,2023-12-06,7439878753,"61620 April Crossing, East Samuel, DE 05620"
311,Nicole,Simpson,jtaylor@ross-phillips.biz,Finance,Controller,60194,2025-12-01,001-748-659-5922x4839,"2287 Louis Fall, South Carlos, AL 41374"
312,Jacqueline,Gonzalez,medinamark@weber.com,Legal,IP Specialist,45150,2021-04-08,+1-883-650-3446x9459,"92134 Jose Cove, Port Alexa, SD 50694"
313,Mark,Ingram,tammy97@jackson.com,Operations,Procurement,52104,2021-05-23,+1-822-927-0510x287,"86667 Collins Pike, Alyssaborough, GA 83570"
314,Martha,Dawson,fcastro@mccormick.biz,HR,Training Specialist,92419,2024-03-13,(505)875-6398,"75830 Murphy Land, Wesleytown, PA 36287"
315,Arthur,Hill,ssanders@king.com,Operations,Procurement,144613,2025-04-03,497.472.7810x5092,"70518 Lucero Fields, West Marymouth, MH 93471"
316,Gary,Andersen,zachary66@caldwell.net,Engineering,Senior Developer,80003,2021-09-03,612-670-4938x620,"7919 Davis Course, Lake Christopher, MD 77984"
317,Courtney,Smith,kristinarobinson@stevens-wiley.com,Sales,Sales Manager,102424,2022-06-23,+1-532-640-6424x29563,"4741 Kelly Lakes, Kelseyhaven, NV 83210"
318,Gloria,Jackson,kmoore@chaney.com,Operations,Operations Manager,48783,2024-03-02,+1-243-358-8418x34374,"2795 Elliott Shoals, West Jacquelinestad, VI 01536"
319,Erik,Alvarez,deborah12@torres-owens.com,HR,Recruiter,85730,2024-09-11,797.999.6673x459,"38166 Finley Locks Apt. 282, Oliviahaven, ID 74948"
320,Karen,Anderson,kristina01@mcguire-thomas.com,Engineering,QA Engineer,98476,2023-03-26,(470)523-2441,"32850 Moore Courts Suite 863, Barnettmouth, VT 32317"
321,Kathryn,Davis,lucasmcconnell@mejia-villanueva.biz,Marketing,Content Specialist,59871,2023-12-03,+1-515-779-0392,"961 Devin Field, East Kevinland, MA 50841"
322,Destiny,Simmons,larry70@mullen-fisher.com,Operations,Operations Manager,129896,2022-12-05,917.215.1602x52986,"0464 Cassandra Unions Suite 857, Meganstad, DE 23941"
323,Tina,Schmidt,fberg@smith.org,Sales,Business Development,138926,2022-03-24,797.660.7401x77509,"84245 Smith Islands Suite 091, Jessicaside, WA 52433"
324,John,Miller,martinezduane@jordan-hill.info,Finance,Auditor,137459,2024-05-19,489.370.1550,"4660 Stephanie Glens, Port Ritaville, WY 25620"
325,Ashley,Cooley,heatherwilliams@kennedy.com,Finance,Payroll Specialist,108242,2022-04-27,+1-609-962-4406x30624,"33053 Cheryl Stream Suite 969, Amberfort, OH 02148"
326,Matthew,Flores,vhernandez@clark-wolfe.biz,Operations,Project Manager,104871,2022-03-20,7916785138,"7029 Claudia Port Suite 604, Fritzfurt, PW 70964"
327,David,Lawson,davisjeffery@duncan.com,Sales,Business Development,69983,2024-10-09,001-868-565-3694x5515,"4722 Roberts Place Suite 721, Carpenterchester, MT 54279"
328,Jacob,Johnson,dillonharvey@greene.biz,Sales,Sales Rep,81208,2025-08-31,493-929-7150x96883,"73524 Patricia Ford, Stevensmouth, IA 23684"
329,Teresa,Porter,laramary@sanchez.com,Legal,Compliance Officer,148247,2020-12-20,3682761648,"6056 Patterson Crossing, East Melanieshire, WV 15152"
330,Jennifer,Richardson,donald37@baker.com,Finance,Accountant,82072,2023-03-25,001-273-445-4757x494,"35954 Duffy Estate Suite 774, Lake Linda, DC 19706"
331,Catherine,Villarreal,dana03@turner.net,Finance,Auditor,121011,2024-08-30,467.992.5298x58567,"15343 Edward Rest Apt. 357, Hudsontown, MP 98314"
332,Megan,Logan,judithcox@ross.com,Operations,Project Manager,103529,2023-06-23,488-581-0798x334,"09484 Julia Street Apt. 284, East Jeremyshire, WV 76689"
333,Thomas,Garcia,florescynthia@mendoza.com,Operations,Facilities,88573,2023-04-26,889-339-7490,"399 Gay Glen Suite 947, West William, NY 37693"
334,Stephanie,Evans,matthewbyrd@parker.com,Legal,Contract Manager,87176,2023-05-17,587-372-2164x17582,"8458 Garcia Hills, New Emily, MD 20999"
335,James,Foster,melissabishop@nguyen.info,HR,Recruiter,119946,2024-03-15,(843)847-4524x55574,"0652 Wang Brook, East Ebony, KS 39140"
336,Marissa,Johnson,ugibbs@castro.net,Legal,Paralegal,146652,2023-02-20,511-632-5797x067,"Unit 9601 Box 0548, DPO AA 57926"
337,Sandra,Rodriguez,nicolejones@gutierrez.com,Legal,Legal Counsel,86704,2023-10-22,+1-617-235-9848,"557 Jack Mountain, South Michael, ID 89324"
338,Teresa,Green,taylordawn@foster-tucker.com,Operations,Procurement,95604,2025-02-04,9856096085,"191 Amanda Union, New Sandraborough, WV 10080"
339,Katie,Jordan,steven25@white.com,Sales,Business Development,49852,2023-03-17,001-460-669-4096x00356,"739 Barry Stravenue Apt. 323, Huntertown, ND 79396"
340,Shirley,Williams,amberblevins@harrell-hebert.com,Sales,Sales Engineer,122356,2021-12-11,(364)833-5027,"0776 Jamie Light, North Tanyahaven, PW 76300"
341,Jenny,Martinez,davidburns@howard.com,Support,Support Engineer,102711,2025-11-11,757.648.1700x66615,"431 Liu Brook Suite 502, East Anne, DC 68477"
342,Eric,Neal,brownleah@guerrero.com,Marketing,Social Media Lead,104890,2023-01-12,(582)625-1207,"9500 Johnson Mountains Apt. 260, Farmerhaven, GA 21232"
343,Craig,Bailey,christophermcneil@novak.biz,Engineering,Senior Developer,98736,2025-03-21,+1-472-790-4774,"177 David Passage Apt. 231, Lake Richardville, IA 30152"
344,John,Blair,mark79@black.com,Sales,Sales Rep,106537,2022-07-30,(429)806-0320x203,"5396 Haney Motorway Suite 871, Dianahaven, MA 44705"
345,Wendy,Lopez,lindsay78@alvarado-barnett.com,Finance,Controller,126691,2024-10-02,615-460-8213x711,"6818 Raymond Pass Apt. 230, Lake Julie, NC 79266"
346,Kimberly,Hart,mcbridemichael@steele.com,Legal,Legal Counsel,88065,2022-10-23,629-232-8963,"USCGC Phillips, FPO AP 55716"
347,Patricia,Mcdonald,jenniferevans@king.com,Legal,Compliance Officer,127155,2021-12-24,001-899-810-6227x2362,"1342 Martinez Streets, East Scott, TX 36607"
348,Kathleen,Smith,meyeralexandria@george.com,Operations,Admin Assistant,49705,2023-08-23,+1-472-915-4064x176,"119 Allen Vista, Copelandchester, MT 07926"
349,Danielle,Grimes,megan44@romero.com,Marketing,Content Specialist,127727,2021-05-08,373-997-3964,"860 Brittany Underpass Apt. 911, West Betty, VT 79643"
350,Robert,Long,reedkristin@berry-mills.biz,Finance,Financial Analyst,142880,2025-01-01,+1-660-739-2051x4607,"3470 Ellis Roads Suite 238, Joystad, WI 23052"
351,Megan,Gates,michael83@poole-garcia.com,Marketing,Brand Manager,57903,2024-02-19,797-226-3475x57522,"848 Raymond Square Apt. 311, Phelpsberg, VT 45086"
352,Amanda,Sanders,vgarcia@austin-arellano.com,Marketing,Brand Manager,66805,2025-12-07,903.582.4073x333,"09776 Robert Vista Suite 964, Lindaview, NE 49027"
353,Michael,Schaefer,lukekelly@taylor.com,Finance,Accountant,51028,2024-11-30,001-521-787-8519,"4907 Crawford Mews, East Andrewmouth, OH 85734"
354,Brian,Bailey,brycegomez@hill.com,Support,Support Engineer,83452,2024-07-03,862.463.7484x5398,"90591 Christina Pines Suite 233, Port Howard, SD 65378"
355,Jessica,Rivera,shahaudrey@hughes.com,Support,Help Desk,101450,2025-03-04,(414)652-6471,"1571 Smith Rest, New Brianstad, CT 22588"
356,Aaron,Galloway,smithpaul@marsh.org,Sales,Account Executive,114621,2022-10-23,323-497-2835,"2827 Christy Plain, Port Sarahport, CT 46252"
357,Felicia,Lawrence,racheljimenez@moore.info,Legal,IP Specialist,134364,2025-07-31,+1-467-518-1535,"USCGC Lopez, FPO AA 05952"
358,Michael,Rangel,qcochran@webster.com,Sales,Account Executive,67946,2024-04-03,689-898-8683x45273,"70715 Lynch Inlet Suite 408, East Staceyport, MH 77501"
359,Julie,Duncan,daniellestevenson@johnson.com,Marketing,Social Media Lead,95140,2025-10-04,3689828503,"USNS Joseph, FPO AE 94090"
360,James,Clark,williamspatrick@wilson.com,HR,Benefits Coordinator,121435,2025-11-10,(635)560-2293x9469,"USNV Ortiz, FPO AE 55012"
361,Madison,Bennett,lisafreeman@smith.info,Sales,Account Executive,105443,2021-07-31,001-631-811-2712x852,"9411 Carson Flats Apt. 873, New Wendy, NJ 63260"
362,Daniel,Perez,wlopez@drake.info,Finance,Payroll Specialist,78466,2024-08-17,690.483.3509x025,"066 Stacey Parkways, East Jackborough, MA 86747"
363,Jennifer,Johnson,pjones@rice.com,Engineering,DevOps Engineer,82700,2021-03-21,+1-216-888-0925x50213,"9130 Andrew View, Pinedafurt, LA 90365"
364,Christina,Cole,feliciasalazar@baird-fields.info,Sales,Sales Rep,102898,2025-07-14,(678)453-2426,"4207 Page Plains, South David, SC 46761"
365,Jared,Sullivan,cmurray@farley-ford.com,Support,Technical Writer,84210,2022-07-26,(828)733-3393x9578,"2718 Evans Village, Williamsborough, MA 72812"
366,Pamela,Keller,cwhite@benson.org,Legal,Compliance Officer,104878,2024-04-09,992-769-3265x732,"111 Alan Wall, West Melissamouth, MH 47253"
367,James,Hernandez,kylejones@blankenship.info,Finance,Financial Analyst,95422,2022-08-18,(344)818-2226,"431 Regina Court Apt. 267, Woodstown, OR 90694"
368,Vanessa,Cox,lrichards@shannon-waller.org,Operations,Operations Manager,76091,2022-08-28,315-712-2946x21354,"99625 Lee Harbors Apt. 752, Lake Johnport, KS 59343"
369,Wendy,Morgan,karen71@arnold-anderson.org,Legal,IP Specialist,92049,2020-12-27,001-604-863-7660,"5254 Tracy Grove Apt. 715, North Lisaville, IA 10254"
370,Gregory,Brown,kimberlyshields@sharp.com,Finance,Controller,47875,2025-04-15,+1-312-497-5191x023,"63301 Flores Pines, South Lisa, VT 65421"
371,Catherine,Lopez,jessica90@lopez-smith.com,Legal,Compliance Officer,46061,2025-10-22,828-693-1132x532,"64538 Diana Springs Suite 421, North Troyton, RI 99545"
372,Lisa,Miller,vsmith@davis.com,Engineering,QA Engineer,142671,2024-06-05,+1-719-545-7575x747,"56775 Ford Mountain, Hernandezfurt, MT 03709"
373,Morgan,Kramer,ofritz@ross.biz,Operations,Facilities,146677,2024-11-22,+1-222-992-3106x72453,"433 Lawson Parks Suite 627, West Suzanneland, MD 93040"
374,Thomas,Roberts,aprilsnyder@butler.com,HR,Training Specialist,91179,2024-02-04,949-369-1928x45525,"3353 Schultz Mountains Suite 859, Hollyberg, MD 83427"
375,Ashley,Pruitt,lisawright@harrison.com,HR,Recruiter,126381,2022-11-09,(395)918-7794,"2507 Jeffrey Alley, Michaelfort, OH 19653"
376,Kristen,Frye,mgalloway@gonzalez.org,Finance,Financial Analyst,127345,2023-12-18,403-688-4366x0443,"57276 Brittney Trace Suite 147, Jamesmouth, LA 21852"
377,Brenda,Morris,martinezmindy@woods.biz,Marketing,Marketing Manager,85492,2023-09-09,+1-265-462-5904x5990,"21823 Karen Knolls, Christophermouth, WV 09620"
378,Travis,Gardner,zmay@moore.info,Operations,Operations Manager,120965,2021-09-24,001-443-430-8003x70033,"6084 Johnson Station Suite 810, New Barry, IN 76881"
379,Travis,Bailey,perkinsmicheal@sanders.net,Support,Customer Success,56813,2020-12-21,+1-594-748-5862x3945,"PSC 6147, Box 0798, APO AA 27317"
380,Jack,Williams,newtonmorgan@wolf.com,Finance,Controller,142973,2025-02-06,+1-239-545-7039x43804,"76576 Samantha Neck Suite 319, North Melissaton, PR 01970"
381,Stacey,Conrad,sean92@brown.com,Legal,Paralegal,71318,2025-10-16,001-551-346-0401x4247,"PSC 0720, Box 1137, APO AP 91585"
382,Angela,Nelson,sbrown@lewis.biz,Sales,Sales Engineer,92953,2021-01-31,667.262.0901x4473,"70096 Conner Stravenue, West Michaelstad, NH 62429"
383,Amy,Brooks,jessica82@moss-reed.com,Finance,Financial Analyst,78681,2023-11-03,(675)442-7865x619,"778 Pamela Junctions Apt. 958, Port Lauren, DC 27477"
384,Makayla,Sanders,ggilmore@williams.net,Operations,Facilities,142853,2024-04-05,(835)571-5586,"137 Mary Terrace Apt. 081, Thomasland, UT 40681"
385,John,Sullivan,amberdavis@johnson.com,Support,Support Engineer,106385,2021-07-17,(211)647-1656,"46997 Erin Bypass Suite 550, Jackiefurt, WV 71151"
386,Kayla,Henderson,stacy70@johnson-freeman.com,Marketing,Content Specialist,143848,2023-04-24,+1-911-231-7653,"96102 Selena Mills Apt. 827, Heidifurt, AS 70711"
387,Desiree,Williams,wolfetravis@carter-martin.com,HR,Benefits Coordinator,118048,2023-12-11,(412)513-7730x62604,"71122 Joy Rapids Apt. 775, Smithhaven, MH 91440"
388,Micheal,Stephens,rwells@grant-henderson.com,Support,Support Engineer,148636,2021-05-16,+1-957-768-3210x21923,"29618 Jesse Drive Suite 260, Briantown, DE 69256"
389,Elizabeth,Richards,turnerlisa@mccall-valencia.com,Legal,Legal Counsel,79663,2021-11-17,477.331.2688x1228,"236 Pace Views, Richardchester, AZ 42507"
390,Kimberly,Johnson,peter93@solomon.net,Marketing,Brand Manager,93311,2025-05-19,+1-323-498-4716x9061,"4647 Turner Plain, Samanthafort, NY 64436"
391,Paul,Pitts,taylordavis@hester-patel.org,Finance,Auditor,94941,2024-02-04,744-649-8355x393,"644 Santiago Field Apt. 435, Jamesmouth, OR 68673"
392,Glenn,Hardy,danielle39@greer.info,Support,Support Engineer,133452,2022-10-24,(874)897-8524x9141,"7789 Dixon Manor, West Brent, NE 82828"
393,Tina,Larson,ukim@taylor.com,HR,Benefits Coordinator,48280,2024-09-26,3018418842,"15944 Allen Forges, Sarahstad, MP 31481"
394,Edward,Spencer,kathryn26@weaver.com,Support,Technical Writer,74015,2021-05-23,001-494-571-1363x3792,"46996 Lewis Courts, South Jennifermouth, FL 97384"
395,Pamela,Jefferson,wjohnson@harris-nunez.biz,Marketing,Brand Manager,136891,2024-11-19,855.407.8967x93521,"55643 Roach Light, Yushire, IA 85104"
396,Heidi,Chavez,pricemichael@smith-graham.info,Finance,Payroll Specialist,60292,2025-06-26,464-453-4547,"65031 Christopher Square, West Christianview, NV 20034"
397,Kelly,Garrison,monica23@collins-meyer.com,Sales,Sales Rep,49877,2025-04-18,+1-309-324-8762x303,"81785 Eric Ferry Apt. 052, Williamtown, NY 66628"
398,Patricia,Long,brandonmoore@allen.com,Finance,Payroll Specialist,60220,2023-10-22,473-272-1329x016,"688 Oneal Mountain Suite 996, Alexandrachester, GA 66450"
399,Michaela,Martinez,clarkcarol@wilkinson-wilson.biz,Marketing,Content Specialist,115457,2022-11-06,650-857-3036x2792,"74767 Watson Ford, Andersonton, IA 19576"
400,Penny,Livingston,nathaniel57@eaton-wiggins.com,Sales,Business Development,104459,2023-12-05,(488)270-7155x348,"Unit 2840 Box 0838, DPO AA 03665"
401,Shane,Cook,ureed@richardson-solis.org,Support,Technical Writer,99935,2021-07-21,976.680.8981x265,"96463 Bradley Bridge, East Robert, ID 55235"
402,Lauren,Ware,qpayne@smith.com,Sales,Business Development,130841,2025-03-26,771-937-2711x759,"USNV Ray, FPO AP 97771"
403,Mark,Ortega,elizabethconley@meyer.com,Marketing,Brand Manager,125694,2022-01-25,2676458476,"28333 Stein Courts Suite 666, Kerrybury, GA 82166"
404,Timothy,Hebert,hamptonsara@graham.com,Legal,Compliance Officer,49288,2023-01-03,5558143776,"3925 Carly Ramp, Castanedaville, CO 11289"
405,Laura,Smith,fvasquez@wong.com,Support,Customer Success,103115,2021-02-05,255-291-0245x1091,"67149 Gilbert Pine, Port Cheyenneberg, CA 61100"
406,Catherine,Green,crawfordjeffrey@johnson-phelps.com,Operations,Project Manager,92537,2024-05-30,958.444.6634x533,"09121 Martinez Stream, West Kayleemouth, OR 31860"
407,Jennifer,Graham,spearselizabeth@arnold.com,Marketing,SEO Analyst,116364,2025-06-01,+1-905-926-3510x0462,"572 Mcgee Station Suite 592, Port Kristaview, MT 12719"
408,Tommy,Mcneil,bobbytaylor@munoz.com,Support,Support Engineer,97184,2023-01-10,001-705-659-5501x78332,"0798 Ryan Throughway, Williamsmouth, AK 53891"
409,Bridget,Hanna,wellsnatalie@sloan-lynch.com,Finance,Financial Analyst,61011,2025-07-21,001-837-644-0394,"37360 Williams Club, Amandaside, MT 02643"
410,Warren,Cisneros,kayla07@lewis.com,Operations,Operations Manager,131870,2025-03-19,(385)428-3061x5370,"USNV Jackson, FPO AA 88556"
411,Jonathan,Martin,kharris@davis-huynh.com,HR,Training Specialist,47799,2025-12-05,001-981-712-1031x421,"179 Floyd Knolls Apt. 526, New Sierra, VA 02890"
412,Rhonda,Oliver,gayfrancis@martin-ochoa.net,Engineering,Tech Lead,76925,2021-11-27,001-350-556-6186x32397,"765 Gonzalez Canyon Apt. 730, Andrestad, SD 44898"
413,Robert,Monroe,michelle12@wheeler.com,Sales,Sales Engineer,71896,2023-11-26,678.285.1905x3486,"2462 Morgan Loop, New Michaelfort, ME 97314"
414,Kevin,Johnson,mark12@morrison.com,Marketing,Social Media Lead,72152,2025-10-23,001-355-612-9391x30448,"PSC 4160, Box 4615, APO AA 97637"
415,Brett,Jones,rodriguezthomas@pacheco-sullivan.com,HR,Recruiter,88064,2022-04-04,001-283-915-2291,"83608 Ray Stream, South Amy, AR 56825"
416,Jason,Estrada,mallorycarter@sullivan.biz,Sales,Sales Engineer,45371,2025-06-28,543-691-6497x0169,"913 Jennifer Fort, Lake Brandon, CA 90163"
417,Ralph,Sanford,susan90@clark.biz,Finance,Financial Analyst,62038,2021-06-21,672.921.5566,"65337 Avery Mews, West Aaronmouth, GA 08549"
418,Kimberly,Bass,nwarren@rodriguez-mitchell.com,Finance,Financial Analyst,59408,2022-05-02,(807)681-9754x37347,"2037 Robinson Plaza, North Joseph, MN 68924"
419,Jonathan,Garcia,julie01@krueger.com,Engineering,Senior Developer,46947,2024-12-26,001-789-298-2780x20586,"46449 Courtney Skyway, Codyfort, RI 26226"
420,Pamela,Nguyen,michael38@snyder-jordan.net,Support,Customer Success,122182,2021-01-07,819-323-6037,"233 Nathan Camp Suite 096, West Dawnmouth, MH 27906"
421,Clayton,Mclean,davisjohn@herrera.com,Support,Support Engineer,67838,2023-04-26,582-607-3651x189,"7820 Tina Ports Apt. 432, East Joan, VA 24014"
422,James,Clark,kennethbrown@perez-taylor.com,Finance,Accountant,61614,2024-07-25,001-235-446-2127x6025,"12312 Rodriguez Forks Apt. 488, Oliviaburgh, MP 78393"
423,Amanda,Bradley,ncoleman@ramirez-green.com,Legal,IP Specialist,59896,2025-07-27,001-303-964-6871x91203,"82832 Rebecca Pass, East Amberland, MA 69323"
424,Amanda,Green,ana20@henry-massey.com,Marketing,Brand Manager,103756,2024-12-13,318.729.7168,"0000 Michelle Stream Apt. 152, North Haileyfort, AS 13380"
425,Scott,Shannon,brian90@hernandez.com,Support,Technical Writer,122812,2024-11-28,344.442.1829x98747,"905 Harrison Parkways Suite 700, North Ebonybury, MS 45766"
426,Dana,Davis,alyssa66@martinez.net,Marketing,Brand Manager,111039,2022-01-28,550-554-2960x80706,"509 David Circle Suite 016, Maryville, FM 73349"
427,Rose,Rodgers,connie42@fry.net,HR,Training Specialist,50683,2021-11-27,001-638-416-4321x269,"4203 Avila Curve Suite 863, West Susanview, CO 61051"
428,Morgan,Short,sonia62@shah-brooks.com,Finance,Payroll Specialist,129323,2025-04-08,5262355824,"4644 Kelsey Street Apt. 538, Port Toni, MA 95593"
429,Teresa,Owens,nunezmatthew@mcdaniel-brown.com,Engineering,Software Engineer,107781,2022-02-17,835.538.4951,"19787 Amy Rest, East Brittney, SC 89470"
430,James,Robinson,oschneider@khan.com,Legal,Contract Manager,134928,2025-09-19,001-498-575-6178x68800,"156 Andrea Villages, East Haleymouth, NJ 83972"
431,Jacqueline,Baker,mackenzie91@velez.com,Marketing,Brand Manager,138375,2022-11-23,+1-352-601-4911x894,"750 Katherine Lodge Apt. 223, North John, KY 44435"
432,Matthew,Jones,sarah42@herrera.com,Operations,Operations Manager,55589,2024-02-02,001-253-576-6608x11260,"356 Wilkerson Corners, South Ericmouth, CA 42493"
433,Shelby,Lewis,katrinaking@kelly-roth.net,Support,Technical Writer,64442,2023-09-09,(391)577-6829x38440,"735 Young Wall, South Brandon, IN 85060"
434,Nicholas,Ramsey,garciamitchell@benson.com,Marketing,Content Specialist,81046,2025-11-26,001-414-849-2074,"964 Davis Pike Suite 285, Walshshire, IA 19759"
435,Mark,Garcia,bartonpaige@montgomery.com,Support,Support Manager,123301,2025-05-23,223-842-6698,"726 Stephen Mall, Lake Scottborough, ME 74118"
436,Sherry,Ramsey,markbates@santos-roach.net,Finance,Payroll Specialist,111263,2021-08-18,+1-804-705-6129,"9582 Guerrero Course, Berrystad, MT 83122"
437,Charles,Calderon,hoffmanlindsey@powers.com,Legal,Legal Counsel,148952,2024-10-08,659.251.4346x82394,"3008 Burke Loaf, North Darrylfurt, NY 26985"
438,Charles,Barnett,madison00@brooks.org,Marketing,Social Media Lead,139481,2024-03-06,549-915-0762,"53440 Alexander Rapid, Peterton, VT 59355"
439,Nicole,Barber,mpowers@cooper.com,HR,Benefits Coordinator,104186,2024-08-31,676.302.9914x0688,"Unit 3373 Box 1255, DPO AP 22946"
440,James,Moon,irodriguez@marshall.com,HR,Benefits Coordinator,89424,2024-04-29,792-406-1363,"1337 Patricia Plains Suite 449, Lake Susanshire, MD 06764"
441,Donald,Foster,dudleycody@mitchell-brown.info,Operations,Procurement,99524,2021-12-17,316-278-1277x822,"9821 Jose Manor, New Amy, WA 64897"
442,Kristen,Mcdaniel,bhall@baxter.com,Marketing,SEO Analyst,100936,2025-04-27,828.856.0539x70798,"7067 Rachel Path, Port Laura, MN 00796"
443,Nicholas,Thomas,henrysoto@craig-miller.biz,Support,Help Desk,94060,2024-05-01,+1-350-458-7146x92182,"9089 Young Road Suite 802, North Melissa, AS 04945"
444,Stephanie,Holt,eileendaniels@george.com,Sales,Business Development,53799,2024-03-06,995-298-8114x5788,"52386 Myers Flat Apt. 097, Omarland, RI 08821"
445,Jennifer,Alvarado,isimpson@cruz-hernandez.org,Marketing,Marketing Manager,57219,2023-10-23,(287)822-5893x70858,"0405 James River, Ginashire, AZ 04516"
446,Emily,Jackson,kimberlycooper@adams-white.net,Legal,Legal Counsel,142594,2022-11-26,001-463-625-9423,"89156 Jose Spur, Jacobmouth, VA 63848"
447,Gregory,Landry,kjackson@powell.com,Support,Customer Success,117924,2025-04-12,858.795.1381,"468 Smith Islands Suite 443, East Kristopherville, FM 89030"
448,Patricia,Holloway,housedaniel@george-martin.com,Engineering,QA Engineer,118608,2023-07-18,001-759-634-0153x641,"3132 Harvey Forest Suite 781, Port Ronald, PR 42092"
449,Brandon,Moyer,stephanie21@clements-sparks.com,Support,Support Engineer,98845,2024-10-26,(276)498-1987,"5238 Morales Dam, Angelachester, MT 08151"
450,Stephanie,Shields,csparks@ramos.info,Support,Support Manager,139510,2024-06-20,654.385.9655x94282,"Unit 6502 Box 0002, DPO AA 49325"
451,Danielle,Willis,charlesyoung@wiley.com,Engineering,Tech Lead,123696,2025-04-12,830-455-7083,"4889 Cruz River Suite 273, Colemouth, VA 38861"
452,Dawn,Hernandez,andersonmeghan@padilla.com,Finance,Controller,58579,2023-07-26,(481)223-1239,"60183 Baker Estate, Lake Angela, MI 03676"
453,Amanda,Wang,fstone@bryant.info,HR,Recruiter,131079,2023-04-05,358-947-2629x052,"160 Jennifer Crest, Thompsonmouth, TX 28690"
454,James,Cobb,sararios@frye.com,Operations,Project Manager,59184,2021-11-05,(799)393-6216,"823 Mark Lakes, Port Becky, MH 71301"
455,James,Hawkins,joseph17@newman.com,Support,Technical Writer,93176,2021-09-29,(943)909-5449x7912,"1205 Elizabeth Ranch, Wolffort, VA 15248"
456,Jason,Zimmerman,devon88@anderson.com,Marketing,SEO Analyst,120248,2021-08-11,(960)983-2004x879,"585 Joel Place, Glasston, ID 02773"
457,Joshua,Turner,kbrewer@flores.com,HR,Benefits Coordinator,118526,2025-09-16,001-991-602-9295x0143,"93096 Miller Spur, Davisville, FL 52643"
458,Brandon,Hernandez,darrellmoore@bradshaw.com,Engineering,QA Engineer,131223,2021-03-15,+1-211-916-6122x019,"873 Sara Summit Apt. 049, South Omar, IL 70775"
459,Alexander,White,kimberly12@thompson-davis.com,Finance,Accountant,68647,2024-11-20,+1-268-525-0952x29462,"6103 Anderson Square Suite 013, Wilsonview, ID 56057"
460,Savannah,Dunn,paul23@green.com,Finance,Controller,89541,2021-01-23,406.215.9273x8740,"6906 David Wall, Amandaville, MA 42370"
461,Jose,Shields,walkerjennifer@johnson-brown.com,Support,Support Engineer,68777,2024-01-07,(779)675-6491x5795,"47124 Hamilton Creek, New Brianville, AS 67895"
462,David,Clark,gspencer@ross-hines.com,Sales,Sales Engineer,131159,2023-05-20,(780)280-8157x12901,"067 John Mountain, West Christopher, AR 38213"
463,Michael,Schmidt,travis36@wilson.com,Legal,Legal Counsel,63595,2021-01-08,(325)288-5766x94703,"627 Massey Lock, Morrowland, MI 77197"
464,Caleb,Allen,hollyalvarez@brown.biz,Engineering,Software Engineer,142794,2023-01-04,945-990-1107,"04938 Lori Port Suite 905, Lake Whitney, CA 42007"
465,Kristen,Williams,mortonkenneth@underwood.org,HR,Benefits Coordinator,100028,2023-08-01,331.837.9716x6984,"PSC 1237, Box 4077, APO AP 35388"
466,John,Rivas,samuel38@garza.com,Operations,Facilities,65631,2025-12-01,901.442.6203x708,"20418 Joe Spur Suite 211, Estesside, NY 82546"
467,Briana,Roberts,ochoamelissa@reilly.com,Support,Help Desk,139581,2021-09-27,775-988-3978,"USNS Brown, FPO AE 34514"
468,Amber,Barnes,thomas12@james.com,Support,Technical Writer,123148,2023-12-01,812-487-9429,"704 Brianna Forks Apt. 419, Rodriguezchester, AZ 65297"
469,Rachel,May,tonycraig@tran.com,Marketing,Marketing Manager,65392,2021-06-21,596.624.0964x966,"USCGC Johnson, FPO AA 67570"
470,Larry,Brown,hernandezmatthew@thomas-zavala.com,Sales,Sales Engineer,51522,2023-11-02,564.688.2089,"062 Foster Drive, Guzmanland, NE 03391"
471,Cindy,Brown,charles19@wright.com,Marketing,SEO Analyst,103079,2025-12-06,461.533.7605,"8816 Chan Squares Apt. 254, Tylerview, DE 81278"
472,Connor,Stewart,marksheidi@johnson-bradley.biz,Legal,Contract Manager,124570,2025-03-01,271.882.4989x8088,"41746 Kristin Villages, Cindyfurt, SC 49853"
473,Stacey,Gardner,hollyperkins@montgomery.biz,Operations,Procurement,80804,2023-10-10,001-415-259-4501x192,"3605 Chad Common Suite 039, Clarkmouth, IA 54344"
474,Theresa,Holland,robertsonjordan@greene-gray.com,HR,Training Specialist,59918,2021-03-07,+1-894-624-8942x046,"7605 Baker Bridge Suite 565, Avilamouth, ND 04326"
475,Ashley,Patton,kayla33@trujillo.com,Support,Support Manager,59534,2022-03-24,(762)526-5401x6599,"PSC 0622, Box 1224, APO AE 59735"
476,Ronnie,Keith,icollins@austin-price.com,Finance,Auditor,108783,2021-05-01,211-358-4886x008,"7823 Gerald Ranch Suite 704, Taylorchester, WY 34988"
477,Melissa,Little,ujones@calhoun.com,Finance,Accountant,73903,2023-08-01,275.936.5968,"4824 David Point, New Mark, KS 47952"
478,Laura,Whitney,brandon64@delgado-mitchell.info,Legal,IP Specialist,52180,2022-08-18,(931)312-3274,"34272 James Village Suite 217, Jenniferside, AR 09318"
479,Catherine,Hughes,margaretscott@reid.com,Engineering,Senior Developer,84507,2022-07-24,+1-282-249-3534,"167 Wagner Passage, Port Ronaldburgh, KY 33806"
480,Jonathan,Santiago,jose60@clark.com,HR,Recruiter,145160,2023-04-25,+1-937-681-0539x128,"996 Nicole Track Apt. 457, Port Timothy, KY 59406"
481,Erin,King,benjamindavis@downs.com,Finance,Controller,88007,2021-10-23,(538)339-7283,"870 Mora Estate, East Zachary, NY 06972"
482,Jennifer,Hawkins,garymartinez@smith.com,Marketing,Marketing Manager,110193,2025-05-20,2189676610,"81435 Robles Heights, Lake Joeside, LA 42355"
483,Debra,Davidson,lawrencekari@hill-logan.net,Legal,Paralegal,61932,2024-02-23,554.269.5100,"05459 Kim Club Suite 006, Comptonfurt, NE 35716"
484,Christopher,Smith,thendricks@fletcher.com,Legal,IP Specialist,137231,2025-11-14,9782516994,"8366 Kelly Divide, Fergusonshire, OK 82005"
485,Richard,Price,hglover@fernandez.net,HR,Training Specialist,118233,2023-07-16,+1-491-778-7915x0596,"760 David Corners, South Nicole, WV 47491"
486,Shawn,Richmond,omarturner@tran.org,Support,Support Engineer,97044,2022-10-12,(917)955-8517,"274 Guzman Tunnel, North Amberside, FL 37244"
487,Christopher,Marquez,bcase@thompson-thomas.info,Engineering,DevOps Engineer,47456,2022-08-10,001-717-604-5421,"6820 David Ways, Tylertown, VT 75804"
488,Andrew,Navarro,chenjeffrey@roach.info,Operations,Operations Manager,86033,2021-10-17,(647)228-2895,"822 Love Garden Apt. 261, Davidside, WY 49409"
489,Adam,Jones,sherry01@andrews.org,Legal,IP Specialist,98008,2021-10-29,411.552.6105x370,"69500 Scott Squares Apt. 894, Hollybury, AS 85155"
490,Donald,Bradley,jgutierrez@lewis.org,Legal,Compliance Officer,60096,2022-03-22,316.219.8273x4813,"58963 Casey Hill, Port Krystal, MN 57890"
491,Jonathan,Gallagher,matthewhull@moreno-sullivan.com,Legal,Legal Counsel,87568,2025-10-31,(606)473-9834x48838,"4628 Mark Center, Velasquezview, VT 07070"
492,Phillip,Cole,michael56@harris.com,Sales,Sales Engineer,105305,2023-11-28,+1-355-510-7409,"78619 Douglas Valley, Janetmouth, TX 51496"
493,Brian,Park,cynthiasullivan@watson.com,Support,Support Engineer,102240,2024-06-06,720-212-2759,"015 Matthew Wall Apt. 594, Schultzmouth, AZ 57918"
494,Justin,Blanchard,cgarcia@lee.com,Marketing,Content Specialist,102104,2025-08-04,001-695-203-1006x493,"45203 Williams Ridge, Calebside, ME 82664"
495,Christina,Davis,veronicarogers@jensen.com,Legal,IP Specialist,55308,2024-09-26,259.252.0561,"900 Duncan Views Apt. 186, Woodston, WI 91655"
496,Paula,Ferrell,heather23@lee.com,Legal,Compliance Officer,142754,2025-03-31,2065776255,"17365 Anderson Lock Apt. 417, Isaiahton, SC 24981"
497,Doris,Armstrong,jefferywalker@chase-jones.com,Support,Customer Success,88655,2023-10-17,+1-460-353-0886x8430,"3290 Kemp Isle Suite 598, Morrisshire, VI 24889"
498,Christopher,Watkins,zcollins@hall.biz,Sales,Sales Rep,111910,2024-04-16,(602)975-5821,"Unit 0920 Box 7115, DPO AE 30077"
499,Jennifer,Pierce,jaimegraves@garcia.com,Marketing,Social Media Lead,111840,2021-04-10,518.797.0591x61186,"959 Vaughn Mountains, Lake Hannah, MS 73378"
500,Zachary,Fletcher,sally78@munoz.biz,HR,HR Manager,91019,2023-12-25,(289)372-8454,"Unit 2272 Box 0028, DPO AE 81115"
